"OBJECTID","ID_0","ISO","NAME_0","ID_1","NAME_1","ID_2","NAME_2","HASC_2","CCN_2","CCA_2","TYPE_2","ENGTYPE_2","NL_NAME_2","VARNAME_2"
1,106,"IDN","Indonesia",1,"Aceh",1,"Aceh Barat Daya","ID.AC.AD",NA,"","Kabupaten","Regency","","South West Aceh"
2,106,"IDN","Indonesia",1,"Aceh",2,"Aceh Barat","ID.AC.AB",NA,"","Kabupaten","Regency","","West Aceh"
3,106,"IDN","Indonesia",1,"Aceh",3,"Aceh Besar","ID.AC.AR",NA,"","Kabupaten","Regency","",""
4,106,"IDN","Indonesia",1,"Aceh",4,"Aceh Jaya","ID.AC.AJ",NA,"","Kabupaten","Regency","",""
5,106,"IDN","Indonesia",1,"Aceh",5,"Aceh Selatan","ID.AC.AS",NA,"","Kabupaten","Regency","","South Aceh"
6,106,"IDN","Indonesia",1,"Aceh",6,"Aceh Singkil","ID.AC.AK",NA,"","Kabupaten","Regency","",""
7,106,"IDN","Indonesia",1,"Aceh",7,"Aceh Tamiang","ID.AC.AM",NA,"","Kabupaten","Regency","",""
8,106,"IDN","Indonesia",1,"Aceh",8,"Aceh Tengah","ID.AC.AT",NA,"","Kabupaten","Regency","","Central Aceh"
9,106,"IDN","Indonesia",1,"Aceh",9,"Aceh Tenggara","ID.AC.AG",NA,"","Kabupaten","Regency","","Southeast Aceh"
10,106,"IDN","Indonesia",1,"Aceh",10,"Aceh Timur","ID.AC.AI",NA,"","Kabupaten","Regency","","East Aceh"
11,106,"IDN","Indonesia",1,"Aceh",11,"Aceh Utara","ID.AC.AU",NA,"","Kabupaten","Regency","","North Aceh"
12,106,"IDN","Indonesia",1,"Aceh",12,"Banda Aceh","ID.AC.BA",NA,"","Kotamadya","Municipality","","Kota Banda Aceh"
13,106,"IDN","Indonesia",1,"Aceh",13,"Bener Meriah","ID.AC.BM",NA,"","Kabupaten","Regency","",""
14,106,"IDN","Indonesia",1,"Aceh",14,"Bireuen","ID.AC.BI",NA,"","Kabupaten","Regency","","Bireun"
15,106,"IDN","Indonesia",1,"Aceh",15,"Gayo Lues","ID.AC.GL",NA,"","Kabupaten","Regency","",""
16,106,"IDN","Indonesia",1,"Aceh",16,"Langsa","ID.AC.LA",NA,"","Kotamadya","Municipality","","Kota Langsa"
17,106,"IDN","Indonesia",1,"Aceh",17,"Lhokseumawe","ID.AC.LH",NA,"","Kotamadya","Municipality","","Kota Lhokseumawe"
18,106,"IDN","Indonesia",1,"Aceh",18,"Nagan Raya","ID.AC.NR",NA,"","Kabupaten","Regency","",""
19,106,"IDN","Indonesia",1,"Aceh",19,"Pidie","ID.AC.PI",NA,"","Kabupaten","Regency","",""
20,106,"IDN","Indonesia",1,"Aceh",20,"Sabang","ID.AC.SA",NA,"","Kotamadya","Municipality","","Kota Sabang"
21,106,"IDN","Indonesia",1,"Aceh",21,"Simeulue","ID.AC.SI",NA,"","Kabupaten","Regency","",""
22,106,"IDN","Indonesia",2,"Bali",22,"Badung","ID.BA.BD",NA,"","Kabupaten","Regency","",""
23,106,"IDN","Indonesia",2,"Bali",23,"Bangli","ID.BA.BN",NA,"","Kabupaten","Regency","",""
24,106,"IDN","Indonesia",2,"Bali",24,"Buleleng","ID.BA.BL",NA,"","Kabupaten","Regency","",""
25,106,"IDN","Indonesia",2,"Bali",25,"Denpasar","ID.BA.DE",NA,"","Kotamadya","Municipality","","Kota Denpasar"
26,106,"IDN","Indonesia",2,"Bali",26,"Gianyar","ID.BA.GI",NA,"","Kabupaten","Regency","",""
27,106,"IDN","Indonesia",2,"Bali",27,"Jembrana","ID.BA.JE",NA,"","Kabupaten","Regency","",""
28,106,"IDN","Indonesia",2,"Bali",28,"Karang Asem","ID.BA.KA",NA,"","Kabupaten","Regency","","Karangasem"
29,106,"IDN","Indonesia",2,"Bali",29,"Klungkung","ID.BA.KL",NA,"","Kabupaten","Regency","",""
30,106,"IDN","Indonesia",2,"Bali",30,"Tabanan","ID.BA.TA",NA,"","Kabupaten","Regency","",""
31,106,"IDN","Indonesia",3,"Bangka-Belitung",31,"Bangka Barat","ID.BB.BB",NA,"","Kabupaten","Regency","","Belitung"
32,106,"IDN","Indonesia",3,"Bangka-Belitung",32,"Bangka Selatan","ID.BB.BS",NA,"","Kabupaten","Regency","","South Bangka"
33,106,"IDN","Indonesia",3,"Bangka-Belitung",33,"Bangka Tengah","ID.BB.BG",NA,"","Kabupaten","Regency","","Central Bangka"
34,106,"IDN","Indonesia",3,"Bangka-Belitung",34,"Bangka","ID.BB.BA",NA,"","Kabupaten","Regency","",""
35,106,"IDN","Indonesia",3,"Bangka-Belitung",35,"Belitung Timur","ID.BB.BT",NA,"","Kabupaten","Regency","","East Belitung"
36,106,"IDN","Indonesia",3,"Bangka-Belitung",36,"Belitung","ID.BB.BE",NA,"","Kabupaten","Regency","",""
37,106,"IDN","Indonesia",3,"Bangka-Belitung",37,"Pangkal Pinang","ID.BB.PP",NA,"","Kotamadya","Municipality","","Kota Pangkal Pinang|Pangkal Pingang"
38,106,"IDN","Indonesia",4,"Banten",38,"Cilegon","ID.BT.CL",NA,"","Kotamadya","Municipality","","Kota Cilegon"
39,106,"IDN","Indonesia",4,"Banten",39,"Kota Tangerang","ID.BT.TM",NA,"","Kotamadya","Municipality","",""
40,106,"IDN","Indonesia",4,"Banten",40,"Lebak","ID.BT.LE",NA,"","Kabupaten","Regency","",""
41,106,"IDN","Indonesia",4,"Banten",41,"Pandeglang","ID.BT.PA",NA,"","Kabupaten","Regency","",""
42,106,"IDN","Indonesia",4,"Banten",42,"Serang","ID.BT.SE",NA,"","Kabupaten","Regency","",""
43,106,"IDN","Indonesia",4,"Banten",43,"Tangerang","ID.BT.TR",NA,"","Kabupaten","Regency","",""
44,106,"IDN","Indonesia",5,"Bengkulu",44,"Bengkulu Selatan","ID.BE.BS",NA,"","Kabupaten","Regency","","South Bengkulu"
45,106,"IDN","Indonesia",5,"Bengkulu",45,"Bengkulu Utara","ID.BE.BU",NA,"","Kabupaten","Regency","","North Bengkulu"
46,106,"IDN","Indonesia",5,"Bengkulu",46,"Bengkulu","ID.BE.BE",NA,"","Kotamadya","Municipality","","Kota Bengkulu"
47,106,"IDN","Indonesia",5,"Bengkulu",47,"Kaur","ID.BE.KA",NA,"","Kabupaten","Regency","",""
48,106,"IDN","Indonesia",5,"Bengkulu",48,"Kepahiang","ID.BE.KE",NA,"","Kabupaten","Regency","",""
49,106,"IDN","Indonesia",5,"Bengkulu",49,"Lebong","ID.BE.LE",NA,"","Kabupaten","Regency","",""
50,106,"IDN","Indonesia",5,"Bengkulu",50,"Mukomuko","ID.BE.MU",NA,"","Kabupaten","Regency","","Muko Muko"
51,106,"IDN","Indonesia",5,"Bengkulu",51,"Rejang Lebong","ID.BE.RL",NA,"","Kabupaten","Regency","",""
52,106,"IDN","Indonesia",5,"Bengkulu",52,"Seluma","ID.BE.SE",NA,"","Kabupaten","Regency","",""
53,106,"IDN","Indonesia",6,"Gorontalo",53,"Boalemo","ID.GO.BO",NA,"","Kabupaten","Regency","",""
54,106,"IDN","Indonesia",6,"Gorontalo",54,"Bone Bolango","ID.GO.BB",NA,"","Kabupaten","Regency","",""
55,106,"IDN","Indonesia",6,"Gorontalo",55,"Gorontalo","ID.GO.GM",NA,"","City","City","",""
56,106,"IDN","Indonesia",6,"Gorontalo",56,"Gorontalo","ID.GO.GR",NA,"","Kabupaten","Regency","",""
57,106,"IDN","Indonesia",6,"Gorontalo",57,"Pohuwato","ID.GO.PO",NA,"","Kabupaten","Regency","",""
58,106,"IDN","Indonesia",7,"Irian Jaya Barat",58,"Fak-Fak","ID.IB.FA",NA,"","Kabupaten","Regency","",""
59,106,"IDN","Indonesia",7,"Irian Jaya Barat",59,"Kaimana","ID.IB.KA",NA,"","Kabupaten","Regency","",""
60,106,"IDN","Indonesia",7,"Irian Jaya Barat",60,"Kota Sorong","ID.IB.SG",NA,"","Kotamadya","Municipality","","Sorong"
61,106,"IDN","Indonesia",7,"Irian Jaya Barat",61,"Manokwari","ID.IB.MA",NA,"","Kabupaten","Regency","",""
62,106,"IDN","Indonesia",7,"Irian Jaya Barat",62,"Raja Ampat","ID.IB.RA",NA,"","Kabupaten","Regency","",""
63,106,"IDN","Indonesia",7,"Irian Jaya Barat",63,"Sorong Selatan","ID.IB.SS",NA,"","Kotamadya","Municipality","",""
64,106,"IDN","Indonesia",7,"Irian Jaya Barat",64,"Sorong","ID.IB.SO",NA,"","Kotamadya","Municipality","",""
65,106,"IDN","Indonesia",7,"Irian Jaya Barat",65,"Teluk Bintuni","ID.IB.TB",NA,"","Kabupaten","Regency","",""
66,106,"IDN","Indonesia",7,"Irian Jaya Barat",66,"Teluk Wondama","ID.IB.TW",NA,"","Kabupaten","Regency","",""
67,106,"IDN","Indonesia",8,"Jakarta Raya",67,"Admin. Kepulauan Seribu","ID.JK.KS",NA,"","Kabupaten","Regency","","Kepulauan Seribu"
68,106,"IDN","Indonesia",8,"Jakarta Raya",68,"Jakarta Barat","ID.JK.JB",NA,"","Kotamadya","Municipality","","Kota Jakarta Barat| West Jakarta"
69,106,"IDN","Indonesia",8,"Jakarta Raya",69,"Jakarta Pusat","ID.JK.JP",NA,"","Kotamadya","Municipality","","Kota Jakarta Pusat| Central Jakarta"
70,106,"IDN","Indonesia",8,"Jakarta Raya",70,"Jakarta Selatan","ID.JK.JS",NA,"","Kotamadya","Municipality","","Kota Jakarta Selatan| South Jakarta"
71,106,"IDN","Indonesia",8,"Jakarta Raya",71,"Jakarta Timur","ID.JK.JT",NA,"","Kotamadya","Municipality","","Kota Jakarta Timur| East Jakarta"
72,106,"IDN","Indonesia",8,"Jakarta Raya",72,"Jakarta Utara","ID.JK.JU",NA,"","Kotamadya","Municipality","","Kota Jakarta Utara| North Jakarta"
73,106,"IDN","Indonesia",9,"Jambi",73,"Batang Hari","ID.JA.BA",NA,"","Kabupaten","Regency","","Batanghari"
74,106,"IDN","Indonesia",9,"Jambi",74,"Bungo","ID.JA.BT",NA,"","Kabupaten","Regency","","Bungo Tebo"
75,106,"IDN","Indonesia",9,"Jambi",75,"Jambi","ID.JA.JA",NA,"","Kotamadya","Municipality","","Kota Jambi"
76,106,"IDN","Indonesia",9,"Jambi",76,"Kerinci","ID.JA.KE",NA,"","Kabupaten","Regency","",""
77,106,"IDN","Indonesia",9,"Jambi",77,"Merangin","ID.JA.SB",NA,"","Kabupaten","Regency","","Sarolangon Bangko|Sarolangun Bangko"
78,106,"IDN","Indonesia",9,"Jambi",78,"Muaro Jambi","ID.JA.MJ",NA,"","Kabupaten","Regency","","Muara Jambi"
79,106,"IDN","Indonesia",9,"Jambi",79,"Sarolangun","ID.JA.SA",NA,"","Kabupaten","Regency","",""
80,106,"IDN","Indonesia",9,"Jambi",80,"Tanjung Jabung Barat","ID.JA.TJ",NA,"","Kabupaten","Regency","","Tanjung Jabung|West Tanjung Jabung"
81,106,"IDN","Indonesia",9,"Jambi",81,"Tanjung Jabung Timur","ID.JA.TT",NA,"","Kabupaten","Regency","","West Tanjung Jabung"
82,106,"IDN","Indonesia",9,"Jambi",82,"Tebo","ID.JA.TE",NA,"","Kabupaten","Regency","",""
83,106,"IDN","Indonesia",10,"Jawa Barat",83,"Bandung","ID.JR.BD",NA,"","Kabupaten","Regency","",""
84,106,"IDN","Indonesia",10,"Jawa Barat",84,"Banjar","ID.JR.BA",NA,"","Kotamadya","Municipality","","Kota Banjar"
85,106,"IDN","Indonesia",10,"Jawa Barat",85,"Bekasi","ID.JR.BS",NA,"","Kabupaten","Regency","",""
86,106,"IDN","Indonesia",10,"Jawa Barat",86,"Bogor","ID.JR.BR",NA,"","Kabupaten","Regency","",""
87,106,"IDN","Indonesia",10,"Jawa Barat",87,"Ciamis","ID.JR.CS",NA,"","Kabupaten","Regency","",""
88,106,"IDN","Indonesia",10,"Jawa Barat",88,"Cianjur","ID.JR.CJ",NA,"","Kabupaten","Regency","",""
89,106,"IDN","Indonesia",10,"Jawa Barat",89,"Cimahi","ID.JR.CI",NA,"","Kotamadya","Municipality","","Kota Cimahi"
90,106,"IDN","Indonesia",10,"Jawa Barat",90,"Cirebon","ID.JR.CR",NA,"","Kabupaten","Regency","",""
91,106,"IDN","Indonesia",10,"Jawa Barat",91,"Depok","ID.JR.DE",NA,"","Kotamadya","Municipality","","Kota Depok"
92,106,"IDN","Indonesia",10,"Jawa Barat",92,"Garut","ID.JR.GA",NA,"","Kabupaten","Regency","",""
93,106,"IDN","Indonesia",10,"Jawa Barat",93,"Indramayu","ID.JR.IN",NA,"","Kabupaten","Regency","",""
94,106,"IDN","Indonesia",10,"Jawa Barat",94,"Karawang","ID.JR.KA",NA,"","Kabupaten","Regency","",""
95,106,"IDN","Indonesia",10,"Jawa Barat",95,"Kota Bandung","ID.JR.BN",NA,"","Kotamadya","Municipality","",""
96,106,"IDN","Indonesia",10,"Jawa Barat",96,"Kota Bekasi","ID.JR.BK",NA,"","Kotamadya","Municipality","",""
97,106,"IDN","Indonesia",10,"Jawa Barat",97,"Kota Bogor","ID.JR.BG",NA,"","Kotamadya","Municipality","",""
98,106,"IDN","Indonesia",10,"Jawa Barat",98,"Kota Cirebon","ID.JR.CM",NA,"","Kotamadya","Municipality","",""
99,106,"IDN","Indonesia",10,"Jawa Barat",99,"Kota Sukabumi","ID.JR.SM",NA,"","Kotamadya","Municipality","",""
100,106,"IDN","Indonesia",10,"Jawa Barat",100,"Kota Tasikmalaya","ID.JR.TM",NA,"","Kotamadya","Municipality","",""
101,106,"IDN","Indonesia",10,"Jawa Barat",101,"Kuningan","ID.JR.KU",NA,"","Kabupaten","Regency","",""
102,106,"IDN","Indonesia",10,"Jawa Barat",102,"Majalengka","ID.JR.MA",NA,"","Kabupaten","Regency","",""
103,106,"IDN","Indonesia",10,"Jawa Barat",103,"Purwakarta","ID.JR.PU",NA,"","Kabupaten","Regency","",""
104,106,"IDN","Indonesia",10,"Jawa Barat",104,"Subang","ID.JR.SB",NA,"","Kabupaten","Regency","",""
105,106,"IDN","Indonesia",10,"Jawa Barat",105,"Sukabumi","ID.JR.SR",NA,"","Kabupaten","Regency","",""
106,106,"IDN","Indonesia",10,"Jawa Barat",106,"Sumedang","ID.JR.SD",NA,"","Kabupaten","Regency","",""
107,106,"IDN","Indonesia",10,"Jawa Barat",107,"Tasikmalaya","ID.JR.TA",NA,"","Kabupaten","Regency","",""
108,106,"IDN","Indonesia",11,"Jawa Tengah",108,"Banjarnegara","ID.JT.BN",NA,"","Kabupaten","Regency","",""
109,106,"IDN","Indonesia",11,"Jawa Tengah",109,"Banyumas","ID.JT.BY",NA,"","Kabupaten","Regency","",""
110,106,"IDN","Indonesia",11,"Jawa Tengah",110,"Batang","ID.JT.BT",NA,"","Kabupaten","Regency","",""
111,106,"IDN","Indonesia",11,"Jawa Tengah",111,"Blora","ID.JT.BL",NA,"","Kabupaten","Regency","",""
112,106,"IDN","Indonesia",11,"Jawa Tengah",112,"Boyolali","ID.JT.BO",NA,"","Kabupaten","Regency","",""
113,106,"IDN","Indonesia",11,"Jawa Tengah",113,"Brebes","ID.JT.BR",NA,"","Kabupaten","Regency","",""
114,106,"IDN","Indonesia",11,"Jawa Tengah",114,"Cilacap","ID.JT.CI",NA,"","Kabupaten","Regency","",""
115,106,"IDN","Indonesia",11,"Jawa Tengah",115,"Demak","ID.JT.DE",NA,"","Kabupaten","Regency","",""
116,106,"IDN","Indonesia",11,"Jawa Tengah",116,"Grobogan","ID.JT.GR",NA,"","Kabupaten","Regency","","Grobogan/Purwodadi"
117,106,"IDN","Indonesia",11,"Jawa Tengah",117,"Jepara","ID.JT.JE",NA,"","Kabupaten","Regency","",""
118,106,"IDN","Indonesia",11,"Jawa Tengah",118,"Karanganyar","ID.JT.KA",NA,"","Kabupaten","Regency","",""
119,106,"IDN","Indonesia",11,"Jawa Tengah",119,"Kebumen","ID.JT.KB",NA,"","Kabupaten","Regency","",""
120,106,"IDN","Indonesia",11,"Jawa Tengah",120,"Kendal","ID.JT.KN",NA,"","Kabupaten","Regency","",""
121,106,"IDN","Indonesia",11,"Jawa Tengah",121,"Klaten","ID.JT.KL",NA,"","Kabupaten","Regency","",""
122,106,"IDN","Indonesia",11,"Jawa Tengah",122,"Kota Magelang","ID.JT.MM",NA,"","Kotamadya","Municipality","",""
123,106,"IDN","Indonesia",11,"Jawa Tengah",123,"Kota Pekalongan","ID.JT.PM",NA,"","Kotamadya","Municipality","","Pekalongan City"
124,106,"IDN","Indonesia",11,"Jawa Tengah",124,"Kota Semarang","ID.JT.SM",NA,"","Kotamadya","Municipality","",""
125,106,"IDN","Indonesia",11,"Jawa Tengah",125,"Kota Tegal","ID.JT.TM",NA,"","Kotamadya","Municipality","",""
126,106,"IDN","Indonesia",11,"Jawa Tengah",126,"Kudus","ID.JT.KU",NA,"","Kabupaten","Regency","",""
127,106,"IDN","Indonesia",11,"Jawa Tengah",127,"Magelang","ID.JT.MR",NA,"","Kabupaten","Regency","",""
128,106,"IDN","Indonesia",11,"Jawa Tengah",128,"Pati","ID.JT.PA",NA,"","Kabupaten","Regency","",""
129,106,"IDN","Indonesia",11,"Jawa Tengah",129,"Pekalongan","ID.JT.PR",NA,"","Kabupaten","Regency","",""
130,106,"IDN","Indonesia",11,"Jawa Tengah",130,"Pemalang","ID.JT.PL",NA,"","Kabupaten","Regency","",""
131,106,"IDN","Indonesia",11,"Jawa Tengah",131,"Purbalingga","ID.JT.PB",NA,"","Kabupaten","Regency","",""
132,106,"IDN","Indonesia",11,"Jawa Tengah",132,"Purwokerto","",NA,"","Kabupaten","Regency","",""
133,106,"IDN","Indonesia",11,"Jawa Tengah",133,"Purworejo","ID.JT.PW",NA,"","Kabupaten","Regency","",""
134,106,"IDN","Indonesia",11,"Jawa Tengah",134,"Rembang","ID.JT.RE",NA,"","Kabupaten","Regency","",""
135,106,"IDN","Indonesia",11,"Jawa Tengah",135,"Salatiga","ID.JT.SA",NA,"","Kotamadya","Municipality","","Kota Salatiga"
136,106,"IDN","Indonesia",11,"Jawa Tengah",136,"Semarang","ID.JT.SR",NA,"","Kabupaten","Regency","",""
137,106,"IDN","Indonesia",11,"Jawa Tengah",137,"Sragen","ID.JT.SG",NA,"","Kabupaten","Regency","",""
138,106,"IDN","Indonesia",11,"Jawa Tengah",138,"Sukoharjo","ID.JT.SH",NA,"","Kabupaten","Regency","",""
139,106,"IDN","Indonesia",11,"Jawa Tengah",139,"Surakarta","ID.JT.SK",NA,"","Kotamadya","Municipality","","Kota Surakarta"
140,106,"IDN","Indonesia",11,"Jawa Tengah",140,"Tegal","ID.JT.TR",NA,"","Kabupaten","Regency","",""
141,106,"IDN","Indonesia",11,"Jawa Tengah",141,"Temanggung","ID.JT.TG",NA,"","Kabupaten","Regency","",""
142,106,"IDN","Indonesia",11,"Jawa Tengah",142,"Wonogiri","ID.JT.WG",NA,"","Kabupaten","Regency","",""
143,106,"IDN","Indonesia",11,"Jawa Tengah",143,"Wonosobo","ID.JT.WS",NA,"","Kabupaten","Regency","",""
144,106,"IDN","Indonesia",12,"Jawa Timur",144,"Bangkalan","ID.JI.BK",NA,"","Kabupaten","Regency","",""
145,106,"IDN","Indonesia",12,"Jawa Timur",145,"Banyuwangi","ID.JI.BW",NA,"","Kabupaten","Regency","",""
146,106,"IDN","Indonesia",12,"Jawa Timur",146,"Batu","ID.JI.BA",NA,"","Kotamadya","Municipality","","Kota Batu"
147,106,"IDN","Indonesia",12,"Jawa Timur",147,"Blitar
","ID.JI.BM",NA,"","Kabupaten","Regency","",""
148,106,"IDN","Indonesia",12,"Jawa Timur",148,"Blitar","ID.JI.BR",NA,"","Kotamadya","Municipality","",""
149,106,"IDN","Indonesia",12,"Jawa Timur",149,"Bojonegoro","ID.JI.BJ",NA,"","Kabupaten","Regency","",""
150,106,"IDN","Indonesia",12,"Jawa Timur",150,"Bondowoso","ID.JI.BD",NA,"","Kabupaten","Regency","",""
151,106,"IDN","Indonesia",12,"Jawa Timur",151,"Gresik","ID.JI.GR",NA,"","Kabupaten","Regency","",""
152,106,"IDN","Indonesia",12,"Jawa Timur",152,"Jember","ID.JI.JE",NA,"","Kabupaten","Regency","",""
153,106,"IDN","Indonesia",12,"Jawa Timur",153,"Jember","",NA,"","Kotamadya","Municipality","",""
154,106,"IDN","Indonesia",12,"Jawa Timur",154,"Jombang","ID.JI.JO",NA,"","Kabupaten","Regency","",""
155,106,"IDN","Indonesia",12,"Jawa Timur",155,"Kediri","ID.JI.KR",NA,"","Kabupaten","Regency","",""
156,106,"IDN","Indonesia",12,"Jawa Timur",156,"Kediri","ID.JI.KM",NA,"","Kotamadya","Municipality","",""
157,106,"IDN","Indonesia",12,"Jawa Timur",157,"Lamongan","ID.JI.LA",NA,"","Kabupaten","Regency","",""
158,106,"IDN","Indonesia",12,"Jawa Timur",158,"Lumajang","ID.JI.LU",NA,"","Kabupaten","Regency","",""
159,106,"IDN","Indonesia",12,"Jawa Timur",159,"Madiun","ID.JI.MN",NA,"","Kabupaten","Regency","",""
160,106,"IDN","Indonesia",12,"Jawa Timur",160,"Madiun","ID.JI.MD",NA,"","Kotamadya","Municipality","",""
161,106,"IDN","Indonesia",12,"Jawa Timur",161,"Magetan","ID.JI.MT",NA,"","Kabupaten","Regency","",""
162,106,"IDN","Indonesia",12,"Jawa Timur",162,"Malang","ID.JI.MG",NA,"","Kabupaten","Regency","",""
163,106,"IDN","Indonesia",12,"Jawa Timur",163,"Malang","ID.JI.ML",NA,"","Kotamadya","Municipality","",""
164,106,"IDN","Indonesia",12,"Jawa Timur",164,"Mojokerto","ID.JI.MK",NA,"","Kabupaten","Regency","",""
165,106,"IDN","Indonesia",12,"Jawa Timur",165,"Mojokerto","ID.JI.MJ",NA,"","Kotamadya","Municipality","",""
166,106,"IDN","Indonesia",12,"Jawa Timur",166,"Nganjuk","ID.JI.NJ",NA,"","Kabupaten","Regency","",""
167,106,"IDN","Indonesia",12,"Jawa Timur",167,"Ngawi","ID.JI.NW",NA,"","Kabupaten","Regency","",""
168,106,"IDN","Indonesia",12,"Jawa Timur",168,"Pacitan","ID.JI.PC",NA,"","Kabupaten","Regency","",""
169,106,"IDN","Indonesia",12,"Jawa Timur",169,"Pamekasan","ID.JI.PK",NA,"","Kabupaten","Regency","",""
170,106,"IDN","Indonesia",12,"Jawa Timur",170,"Pasuruan","ID.JI.PR",NA,"","Kabupaten","Regency","",""
171,106,"IDN","Indonesia",12,"Jawa Timur",171,"Pasuruan","ID.JI.PS",NA,"","Kotamadya","Municipality","",""
172,106,"IDN","Indonesia",12,"Jawa Timur",172,"Ponorogo","ID.JI.PG",NA,"","Kabupaten","Regency","",""
173,106,"IDN","Indonesia",12,"Jawa Timur",173,"Probolinggo","ID.JI.PL",NA,"","Kabupaten","Regency","",""
174,106,"IDN","Indonesia",12,"Jawa Timur",174,"Probolinggo","ID.JI.PB",NA,"","Kotamadya","Municipality","",""
175,106,"IDN","Indonesia",12,"Jawa Timur",175,"Sampang","ID.JI.SA",NA,"","Kabupaten","Regency","",""
176,106,"IDN","Indonesia",12,"Jawa Timur",176,"Sidoarjo","ID.JI.SD",NA,"","Kabupaten","Regency","",""
177,106,"IDN","Indonesia",12,"Jawa Timur",177,"Situbondo","ID.JI.SB",NA,"","Kabupaten","Regency","",""
178,106,"IDN","Indonesia",12,"Jawa Timur",178,"Sumenep","ID.JI.SM",NA,"","Kabupaten","Regency","",""
179,106,"IDN","Indonesia",12,"Jawa Timur",179,"Surabaya","ID.JI.SR",NA,"","Kotamadya","Municipality","",""
180,106,"IDN","Indonesia",12,"Jawa Timur",180,"Trenggalek","ID.JI.TR",NA,"","Kabupaten","Regency","",""
181,106,"IDN","Indonesia",12,"Jawa Timur",181,"Tuban","ID.JI.TB",NA,"","Kabupaten","Regency","",""
182,106,"IDN","Indonesia",12,"Jawa Timur",182,"Tulungagung","ID.JI.TG",NA,"","Kabupaten","Regency","",""
183,106,"IDN","Indonesia",13,"Kalimantan Barat",183,"Bengkayang","ID.KB.BE",NA,"","Kabupaten","Regency","",""
184,106,"IDN","Indonesia",13,"Kalimantan Barat",184,"Kapuas Hulu","ID.KB.KH",NA,"","Kabupaten","Regency","",""
185,106,"IDN","Indonesia",13,"Kalimantan Barat",185,"Ketapang","ID.KB.KE",NA,"","Kabupaten","Regency","",""
186,106,"IDN","Indonesia",13,"Kalimantan Barat",186,"Landak","ID.KB.LA",NA,"","Kabupaten","Regency","",""
187,106,"IDN","Indonesia",13,"Kalimantan Barat",187,"Melawi","ID.KB.ME",NA,"","Kabupaten","Regency","",""
188,106,"IDN","Indonesia",13,"Kalimantan Barat",188,"Pontianak","ID.KB.PR",NA,"","Kabupaten","Regency","",""
189,106,"IDN","Indonesia",13,"Kalimantan Barat",189,"Pontianak","ID.KB.PM",NA,"","Kotamadya","Municipality","","Pontianak City"
190,106,"IDN","Indonesia",13,"Kalimantan Barat",190,"Sambas","ID.KB.SM",NA,"","Kabupaten","Regency","",""
191,106,"IDN","Indonesia",13,"Kalimantan Barat",191,"Sanggau","ID.KB.SN",NA,"","Kabupaten","Regency","",""
192,106,"IDN","Indonesia",13,"Kalimantan Barat",192,"Sekadau","ID.KB.SE",NA,"","Kabupaten","Regency","",""
193,106,"IDN","Indonesia",13,"Kalimantan Barat",193,"Singkawang","ID.KB.SK",NA,"","Kotamadya","Municipality","","Kota Singkawang"
194,106,"IDN","Indonesia",13,"Kalimantan Barat",194,"Sintang","ID.KB.SI",NA,"","Kabupaten","Regency","",""
195,106,"IDN","Indonesia",14,"Kalimantan Selatan",195,"Balangan","ID.KS.BA",NA,"","Kabupaten","Regency","",""
196,106,"IDN","Indonesia",14,"Kalimantan Selatan",196,"Banjar Baru","ID.KS.BB",NA,"","Kotamadya","Municipality","","Kota Banjar Baru|Bajarbaru"
197,106,"IDN","Indonesia",14,"Kalimantan Selatan",197,"Banjar","ID.KS.BN",NA,"","Kotamadya","Municipality","","Kota Banjar"
198,106,"IDN","Indonesia",14,"Kalimantan Selatan",198,"Banjarmasin","ID.KS.BM",NA,"","Kotamadya","Municipality","","Kota Banjarmasin"
199,106,"IDN","Indonesia",14,"Kalimantan Selatan",199,"Barito Kuala","ID.KS.BK",NA,"","Kabupaten","Regency","","Barito Utara"
200,106,"IDN","Indonesia",14,"Kalimantan Selatan",200,"Hulu Sungai Selatan","ID.KS.HS",NA,"","Kabupaten","Regency","",""
201,106,"IDN","Indonesia",14,"Kalimantan Selatan",201,"Hulu Sungai Tengah","ID.KS.HT",NA,"","Kabupaten","Regency","",""
202,106,"IDN","Indonesia",14,"Kalimantan Selatan",202,"Hulu Sungai Utara","ID.KS.HU",NA,"","Kabupaten","Regency","",""
203,106,"IDN","Indonesia",14,"Kalimantan Selatan",203,"Kota Baru","ID.KS.KB",NA,"","Kabupaten","Regency","",""
204,106,"IDN","Indonesia",14,"Kalimantan Selatan",204,"n.a. ( 202)","",NA,"","Unknown","Unknown","",""
205,106,"IDN","Indonesia",14,"Kalimantan Selatan",205,"Tabalong","ID.KS.TB",NA,"","Kabupaten","Regency","",""
206,106,"IDN","Indonesia",14,"Kalimantan Selatan",206,"Tanah Bumbu","ID.KS.TN",NA,"","Kabupaten","Regency","",""
207,106,"IDN","Indonesia",14,"Kalimantan Selatan",207,"Tanah Laut","ID.KS.TL",NA,"","Kabupaten","Regency","",""
208,106,"IDN","Indonesia",14,"Kalimantan Selatan",208,"Tapin","ID.KS.TP",NA,"","Kabupaten","Regency","",""
209,106,"IDN","Indonesia",15,"Kalimantan Tengah",209,"Barito Selatan","ID.KT.BS",NA,"","Kabupaten","Regency","",""
210,106,"IDN","Indonesia",15,"Kalimantan Tengah",210,"Barito Timur","ID.KT.BT",NA,"","Kabupaten","Regency","",""
211,106,"IDN","Indonesia",15,"Kalimantan Tengah",211,"Barito Utara","ID.KT.BU",NA,"","Kabupaten","Regency","",""
212,106,"IDN","Indonesia",15,"Kalimantan Tengah",212,"Gunung Mas","ID.KT.GM",NA,"","Kabupaten","Regency","",""
213,106,"IDN","Indonesia",15,"Kalimantan Tengah",213,"Kapuas","ID.KT.KA",NA,"","Kabupaten","Regency","",""
214,106,"IDN","Indonesia",15,"Kalimantan Tengah",214,"Katingan","ID.KT.KG",NA,"","Kabupaten","Regency","",""
215,106,"IDN","Indonesia",15,"Kalimantan Tengah",215,"Kotawaringin Barat","ID.KT.KB",NA,"","Kabupaten","Regency","",""
216,106,"IDN","Indonesia",15,"Kalimantan Tengah",216,"Kotawaringin Timur","ID.KT.KT",NA,"","Kabupaten","Regency","",""
217,106,"IDN","Indonesia",15,"Kalimantan Tengah",217,"Lamandau","ID.KT.LA",NA,"","Kabupaten","Regency","",""
218,106,"IDN","Indonesia",15,"Kalimantan Tengah",218,"Murung Raya","ID.KT.MR",NA,"","Kabupaten","Regency","",""
219,106,"IDN","Indonesia",15,"Kalimantan Tengah",219,"Palangka Raya","ID.KT.PR",NA,"","Kotamadya","Municipality","","Kota Palangka Raya"
220,106,"IDN","Indonesia",15,"Kalimantan Tengah",220,"Pulang Pisau","ID.KT.PP",NA,"","Kabupaten","Regency","","Pulau Pisau"
221,106,"IDN","Indonesia",15,"Kalimantan Tengah",221,"Seruyan","ID.KT.SE",NA,"","Kabupaten","Regency","",""
222,106,"IDN","Indonesia",15,"Kalimantan Tengah",222,"Sukamara","ID.KT.SU",NA,"","Kabupaten","Regency","",""
223,106,"IDN","Indonesia",16,"Kalimantan Timur",223,"Balikpapan","ID.KI.BA",NA,"","Kotamadya","Municipality","","Kota Balikpapan"
224,106,"IDN","Indonesia",16,"Kalimantan Timur",224,"Berau","ID.KI.BE",NA,"","Kabupaten","Regency","",""
225,106,"IDN","Indonesia",16,"Kalimantan Timur",225,"Bontang","ID.KI.BO",NA,"","Kotamadya","Municipality","","Kota Bontang"
226,106,"IDN","Indonesia",16,"Kalimantan Timur",226,"Kutai Barat","ID.KI.KB",NA,"","Kabupaten","Regency","","West Kutai"
227,106,"IDN","Indonesia",16,"Kalimantan Timur",227,"Kutai Kartanegara","ID.KI.KU",NA,"","Kabupaten","Regency","","Kutai Kertanegara|Kutai"
228,106,"IDN","Indonesia",16,"Kalimantan Timur",228,"Kutai Timur","ID.KI.KT",NA,"","Kabupaten","Regency","","East Kutai"
229,106,"IDN","Indonesia",16,"Kalimantan Timur",229,"Pasir","ID.KI.PA",NA,"","Kabupaten","Regency","",""
230,106,"IDN","Indonesia",16,"Kalimantan Timur",230,"Penajam Paser Utara","ID.KI.PP",NA,"","Kabupaten","Regency","",""
231,106,"IDN","Indonesia",16,"Kalimantan Timur",231,"Samarinda","ID.KI.SA",NA,"","Kotamadya","Municipality","","Kota Samarinda"
232,106,"IDN","Indonesia",16,"Kalimantan Timur",232,"Tarakan","ID.KI.TA",NA,"","Kotamadya","Municipality","","Kota Tarakan"
233,106,"IDN","Indonesia",17,"Kalimantan Utara",233,"Bulongan","ID.KI.BU",NA,"","Kabupaten","Regency","","Bulungan"
234,106,"IDN","Indonesia",17,"Kalimantan Utara",234,"Malinau","ID.KI.MA",NA,"","Kabupaten","Regency","",""
235,106,"IDN","Indonesia",17,"Kalimantan Utara",235,"Nunukan","ID.KI.NU",NA,"","Kabupaten","Regency","",""
236,106,"IDN","Indonesia",18,"Kepulauan Riau",236,"Batam","ID.KR.BA",NA,"","Kotamadya","Municipality","","Kota Batam"
237,106,"IDN","Indonesia",18,"Kepulauan Riau",237,"Karimun","ID.KR.KA",NA,"","Kabupaten","Regency","",""
238,106,"IDN","Indonesia",18,"Kepulauan Riau",238,"Kepulauan Riau","ID.KR.KR",NA,"","Kabupaten","Regency","",""
239,106,"IDN","Indonesia",18,"Kepulauan Riau",239,"Lingga","ID.KR.LI",NA,"","Kotamadya","Municipality","",""
240,106,"IDN","Indonesia",18,"Kepulauan Riau",240,"Natuna","ID.KR.NA",NA,"","Kabupaten","Regency","",""
241,106,"IDN","Indonesia",18,"Kepulauan Riau",241,"Tanjung Pinang","ID.KR.TP",NA,"","Kotamadya","Municipality","","Kota Tanjung Pinang"
242,106,"IDN","Indonesia",19,"Lampung",242,"Bandar Lampung","ID.LA.BL",NA,"","Kotamadya","Municipality","","Kota Bandar Lampung"
243,106,"IDN","Indonesia",19,"Lampung",243,"Lampung Barat","ID.LA.LB",NA,"","Kabupaten","Regency","","West Lampung"
244,106,"IDN","Indonesia",19,"Lampung",244,"Lampung Selatan","ID.LA.LS",NA,"","Kabupaten","Regency","","South Lampung"
245,106,"IDN","Indonesia",19,"Lampung",245,"Lampung Tengah","ID.LA.LT",NA,"","Kabupaten","Regency","","Central Lampung"
246,106,"IDN","Indonesia",19,"Lampung",246,"Lampung Timur","ID.LA.LI",NA,"","Kabupaten","Regency","","East Lampung"
247,106,"IDN","Indonesia",19,"Lampung",247,"Lampung Utara","ID.LA.LU",NA,"","Kabupaten","Regency","","North Lampung"
248,106,"IDN","Indonesia",19,"Lampung",248,"Metro","ID.LA.ME",NA,"","Kotamadya","Municipality","","Kota Metro"
249,106,"IDN","Indonesia",19,"Lampung",249,"Tanggamus","ID.LA.TA",NA,"","Kabupaten","Regency","",""
250,106,"IDN","Indonesia",19,"Lampung",250,"Tulang Bawang","ID.LA.TB",NA,"","Kabupaten","Regency","",""
251,106,"IDN","Indonesia",19,"Lampung",251,"Way Kanan","ID.LA.WK",NA,"","Kabupaten","Regency","",""
252,106,"IDN","Indonesia",20,"Maluku Utara",252,"Halmahera Barat","ID.MU.HB",NA,"","Kabupaten","Regency","","West Halmahera"
253,106,"IDN","Indonesia",20,"Maluku Utara",253,"Halmahera Selatan","ID.MU.HS",NA,"","Kabupaten","Regency","","South Halmahera"
254,106,"IDN","Indonesia",20,"Maluku Utara",254,"Halmahera Tengah
Halmahera Tengah
","ID.MU.HT",NA,"","Kabupaten","Regency","","Central Halmahera"
255,106,"IDN","Indonesia",20,"Maluku Utara",255,"Halmahera Timur","ID.MU.HI",NA,"","Kabupaten","Regency","","East Halmahera"
256,106,"IDN","Indonesia",20,"Maluku Utara",256,"Halmahera Utara","ID.MU.HU",NA,"","Kabupaten","Regency","","Maluku Utara|North Halmahera"
257,106,"IDN","Indonesia",20,"Maluku Utara",257,"Kepulauan Sula","ID.MU.KS",NA,"","Kabupaten","Regency","",""
258,106,"IDN","Indonesia",20,"Maluku Utara",258,"Ternate","ID.MU.TE",NA,"","Kotamadya","Municipality","","Kota Ternate"
259,106,"IDN","Indonesia",20,"Maluku Utara",259,"Tidore Kepulauan","ID.MU.TK",NA,"","Kabupaten","Regency","",""
260,106,"IDN","Indonesia",21,"Maluku",260,"Ambon","ID.MA.AM",NA,"","Kabupaten","Regency","","Kota Ambon"
261,106,"IDN","Indonesia",21,"Maluku",261,"Buru","ID.MA.BU",NA,"","Kabupaten","Regency","",""
262,106,"IDN","Indonesia",21,"Maluku",262,"Kepulauan Aru","ID.MA.KA",NA,"","Kabupaten","Regency","","Kepulaan-Aru"
263,106,"IDN","Indonesia",21,"Maluku",263,"Maluku Tengah","ID.MA.MT",NA,"","Kabupaten","Regency","","Central Maluku"
264,106,"IDN","Indonesia",21,"Maluku",264,"Maluku Tenggara Barat","ID.MA.MU",NA,"","Kabupaten","Regency","","West Southeast Maluku"
265,106,"IDN","Indonesia",21,"Maluku",265,"Maluku Tenggara","ID.MA.MG",NA,"","Kabupaten","Regency","",""
266,106,"IDN","Indonesia",21,"Maluku",266,"Seram Bagian Barat","ID.MA.SB",NA,"","Kabupaten","Regency","","West Seram"
267,106,"IDN","Indonesia",21,"Maluku",267,"Seram Bagian Timur","ID.MA.ST",NA,"","Kabupaten","Regency","","East Seram"
268,106,"IDN","Indonesia",22,"Nusa Tenggara Barat",268,"Bima","ID.NB.BI",NA,"","Kabupaten","Regency","",""
269,106,"IDN","Indonesia",22,"Nusa Tenggara Barat",269,"Bima","ID.NB.BM",NA,"","Kotamadya","Municipality","",""
270,106,"IDN","Indonesia",22,"Nusa Tenggara Barat",270,"Dompu","ID.NB.DO",NA,"","Kabupaten","Regency","",""
271,106,"IDN","Indonesia",22,"Nusa Tenggara Barat",271,"Lombok Barat","ID.NB.LB",NA,"","Kabupaten","Regency","",""
272,106,"IDN","Indonesia",22,"Nusa Tenggara Barat",272,"Lombok Tengah","ID.NB.LT",NA,"","Kabupaten","Regency","",""
273,106,"IDN","Indonesia",22,"Nusa Tenggara Barat",273,"Lombok Timur","ID.NB.LI",NA,"","Kabupaten","Regency","",""
274,106,"IDN","Indonesia",22,"Nusa Tenggara Barat",274,"Mataram","ID.NB.MA",NA,"","Kotamadya","Municipality","","Kota Mataram"
275,106,"IDN","Indonesia",22,"Nusa Tenggara Barat",275,"Sumbawa Barat","ID.NB.SB",NA,"","Kabupaten","Regency","","West Sumbawa"
276,106,"IDN","Indonesia",22,"Nusa Tenggara Barat",276,"Sumbawa","ID.NB.SU",NA,"","Kabupaten","Regency","",""
277,106,"IDN","Indonesia",23,"Nusa Tenggara Timur",277,"Alor","ID.NT.AL",NA,"","Kabupaten","Regency","",""
278,106,"IDN","Indonesia",23,"Nusa Tenggara Timur",278,"Belu","ID.NT.BE",NA,"","Kabupaten","Regency","",""
279,106,"IDN","Indonesia",23,"Nusa Tenggara Timur",279,"Ende","ID.NT.EN",NA,"","Kabupaten","Regency","",""
280,106,"IDN","Indonesia",23,"Nusa Tenggara Timur",280,"Flores Timur","ID.NT.FT",NA,"","Kabupaten","Regency","","Flores Timor|East Flores"
281,106,"IDN","Indonesia",23,"Nusa Tenggara Timur",281,"Kupang","ID.NT.KR",NA,"","Kabupaten","Regency","",""
282,106,"IDN","Indonesia",23,"Nusa Tenggara Timur",282,"Kupang","ID.NT.KM",NA,"","Kotamadya","Municipality","",""
283,106,"IDN","Indonesia",23,"Nusa Tenggara Timur",283,"Lembata","ID.NT.LE",NA,"","Kabupaten","Regency","",""
284,106,"IDN","Indonesia",23,"Nusa Tenggara Timur",284,"Manggarai Barat","ID.NT.MB",NA,"","Kabupaten","Regency","","West Manggarai"
285,106,"IDN","Indonesia",23,"Nusa Tenggara Timur",285,"Manggarai","ID.NT.MA",NA,"","Kabupaten","Regency","",""
286,106,"IDN","Indonesia",23,"Nusa Tenggara Timur",286,"Ngada","ID.NT.NG",NA,"","Kabupaten","Regency","",""
287,106,"IDN","Indonesia",23,"Nusa Tenggara Timur",287,"Rote Ndao","ID.NT.RN",NA,"","Kabupaten","Regency","",""
288,106,"IDN","Indonesia",23,"Nusa Tenggara Timur",288,"Sikka","ID.NT.SI",NA,"","Kabupaten","Regency","",""
289,106,"IDN","Indonesia",23,"Nusa Tenggara Timur",289,"Sumba Barat","ID.NT.SB",NA,"","Kabupaten","Regency","","West Sumba"
290,106,"IDN","Indonesia",23,"Nusa Tenggara Timur",290,"Sumba Timur","ID.NT.ST",NA,"","Kabupaten","Regency","","East Sumba"
291,106,"IDN","Indonesia",23,"Nusa Tenggara Timur",291,"Timor Tengah Selatan","ID.NT.TS",NA,"","Kabupaten","Regency","","South Central Timor"
292,106,"IDN","Indonesia",23,"Nusa Tenggara Timur",292,"Timor Tengah Utara","ID.NT.TU",NA,"","Kabupaten","Regency","","North Central Timor"
293,106,"IDN","Indonesia",24,"Papua",293,"Asmat","ID.PA.AS",NA,"","Kabupaten","Regency","",""
294,106,"IDN","Indonesia",24,"Papua",294,"Biak Numfor","ID.PA.BN",NA,"","Kabupaten","Regency","",""
295,106,"IDN","Indonesia",24,"Papua",295,"Boven Digoel","ID.PA.BD",NA,"","Kabupaten","Regency","",""
296,106,"IDN","Indonesia",24,"Papua",296,"Jayapura","ID.PA.JR",NA,"","Kotamadya","Municipality","",""
297,106,"IDN","Indonesia",24,"Papua",297,"Jayawijaya","ID.PA.JA",NA,"","Kabupaten","Regency","",""
298,106,"IDN","Indonesia",24,"Papua",298,"Keerom","ID.PA.KE",NA,"","Kabupaten","Regency","",""
299,106,"IDN","Indonesia",24,"Papua",299,"Kota Jayapura","ID.PA.JM",NA,"","Kotamadya","Municipality","","Jayapura"
300,106,"IDN","Indonesia",24,"Papua",300,"Mappi","ID.PA.MP",NA,"","Kabupaten","Regency","",""
301,106,"IDN","Indonesia",24,"Papua",301,"Merauke","ID.PA.ME",NA,"","Kabupaten","Regency","",""
302,106,"IDN","Indonesia",24,"Papua",302,"Mimika","ID.PA.MI",NA,"","Kabupaten","Regency","",""
303,106,"IDN","Indonesia",24,"Papua",303,"Nabire","ID.PA.NA",NA,"","Kabupaten","Regency","",""
304,106,"IDN","Indonesia",24,"Papua",304,"Paniai","ID.PA.PA",NA,"","Kabupaten","Regency","",""
305,106,"IDN","Indonesia",24,"Papua",305,"Pegunungan Bintang","ID.PA.PB",NA,"","Kabupaten","Regency","",""
306,106,"IDN","Indonesia",24,"Papua",306,"Puncak Jaya","ID.PA.PJ",NA,"","Kabupaten","Regency","",""
307,106,"IDN","Indonesia",24,"Papua",307,"Sarmi","ID.PA.SA",NA,"","Kabupaten","Regency","",""
308,106,"IDN","Indonesia",24,"Papua",308,"Supiori","ID.PA.SU",NA,"","Kabupaten","Regency","",""
309,106,"IDN","Indonesia",24,"Papua",309,"Tolikara","ID.PA.TO",NA,"","Kabupaten","Regency","",""
310,106,"IDN","Indonesia",24,"Papua",310,"Waropen","ID.PA.WA",NA,"","Kabupaten","Regency","",""
311,106,"IDN","Indonesia",24,"Papua",311,"Yahukimo","ID.PA.YA",NA,"","Kabupaten","Regency","",""
312,106,"IDN","Indonesia",24,"Papua",312,"Yapen Waropen","ID.PA.YW",NA,"","Kabupaten","Regency","",""
313,106,"IDN","Indonesia",25,"Riau",313,"Bengkalis","ID.RI.BE",NA,"","Kabupaten","Regency","",""
314,106,"IDN","Indonesia",25,"Riau",314,"Dumai","ID.RI.DU",NA,"","Kotamadya","Municipality","","Kota Dumai"
315,106,"IDN","Indonesia",25,"Riau",315,"Indragiri Hilir","ID.RI.II",NA,"","Kabupaten","Regency","",""
316,106,"IDN","Indonesia",25,"Riau",316,"Indragiri Hulu","ID.RI.IU",NA,"","Kabupaten","Regency","",""
317,106,"IDN","Indonesia",25,"Riau",317,"Kampar","ID.RI.KA",NA,"","Kabupaten","Regency","",""
318,106,"IDN","Indonesia",25,"Riau",318,"Kuantan Singingi","ID.RI.KS",NA,"","Kabupaten","Regency","",""
319,106,"IDN","Indonesia",25,"Riau",319,"Pekan Baru","ID.RI.PB",NA,"","Kotamadya","Municipality","","Kota Pekan Baru"
320,106,"IDN","Indonesia",25,"Riau",320,"Pelalawan","ID.RI.PE",NA,"","Kabupaten","Regency","",""
321,106,"IDN","Indonesia",25,"Riau",321,"Rokan Hilir","ID.RI.RI",NA,"","Kabupaten","Regency","",""
322,106,"IDN","Indonesia",25,"Riau",322,"Rokan Hulu","ID.RI.RH",NA,"","Kabupaten","Regency","",""
323,106,"IDN","Indonesia",25,"Riau",323,"Siak","ID.RI.SI",NA,"","Kabupaten","Regency","",""
324,106,"IDN","Indonesia",26,"Sulawesi Barat",324,"Majene","ID.SR.MJ",NA,"","Kabupaten","Regency","",""
325,106,"IDN","Indonesia",26,"Sulawesi Barat",325,"Mamasa","ID.SR.MA",NA,"","Kabupaten","Regency","",""
326,106,"IDN","Indonesia",26,"Sulawesi Barat",326,"Mamuju Utara","ID.SR.MU",NA,"","Kabupaten","Regency","",""
327,106,"IDN","Indonesia",26,"Sulawesi Barat",327,"Mamuju","ID.SR.MM",NA,"","Kabupaten","Regency","",""
328,106,"IDN","Indonesia",26,"Sulawesi Barat",328,"Polewali Mamasa","ID.SR.PM",NA,"","Kabupaten","Regency","",""
329,106,"IDN","Indonesia",27,"Sulawesi Selatan",329,"Bantaeng","ID.SE.BT",NA,"","Kabupaten","Regency","",""
330,106,"IDN","Indonesia",27,"Sulawesi Selatan",330,"Barru","ID.SE.BR",NA,"","Kabupaten","Regency","",""
331,106,"IDN","Indonesia",27,"Sulawesi Selatan",331,"Bone","ID.SE.BO",NA,"","Kabupaten","Regency","",""
332,106,"IDN","Indonesia",27,"Sulawesi Selatan",332,"Bulukumba","ID.SE.BU",NA,"","Kabupaten","Regency","",""
333,106,"IDN","Indonesia",27,"Sulawesi Selatan",333,"Enrekang","ID.SE.EN",NA,"","Kabupaten","Regency","",""
334,106,"IDN","Indonesia",27,"Sulawesi Selatan",334,"Gowa","ID.SE.GO",NA,"","Kabupaten","Regency","",""
335,106,"IDN","Indonesia",27,"Sulawesi Selatan",335,"Jeneponto","ID.SE.JE",NA,"","Kabupaten","Regency","",""
336,106,"IDN","Indonesia",27,"Sulawesi Selatan",336,"Luwu Timur","ID.SE.LT",NA,"","Kabupaten","Regency","",""
337,106,"IDN","Indonesia",27,"Sulawesi Selatan",337,"Luwu Utara","ID.SE.LU",NA,"","Kabupaten","Regency","",""
338,106,"IDN","Indonesia",27,"Sulawesi Selatan",338,"Luwu","ID.SE.LW",NA,"","Kabupaten","Regency","",""
339,106,"IDN","Indonesia",27,"Sulawesi Selatan",339,"Makassar","ID.SE.UP",NA,"","Kotamadya","Municipality","","Kota Makasar|Ujung Pandang"
340,106,"IDN","Indonesia",27,"Sulawesi Selatan",340,"Maros","ID.SE.MR",NA,"","Kabupaten","Regency","",""
341,106,"IDN","Indonesia",27,"Sulawesi Selatan",341,"Palopo","ID.SE.PA",NA,"","Kotamadya","Municipality","","Kota Palopo"
342,106,"IDN","Indonesia",27,"Sulawesi Selatan",342,"Pangkajene Kepulauan","ID.SE.PK",NA,"","Kabupaten","Regency","",""
343,106,"IDN","Indonesia",27,"Sulawesi Selatan",343,"Pare-Pare","ID.SE.PP",NA,"","Kotamadya","Municipality","","Kota Pare-Pare"
344,106,"IDN","Indonesia",27,"Sulawesi Selatan",344,"Pinrang","ID.SE.PI",NA,"","Kabupaten","Regency","",""
345,106,"IDN","Indonesia",27,"Sulawesi Selatan",345,"Selayar","ID.SE.SE",NA,"","Kabupaten","Regency","",""
346,106,"IDN","Indonesia",27,"Sulawesi Selatan",346,"Sidenreng Rappang","ID.SE.SR",NA,"","Kabupaten","Regency","",""
347,106,"IDN","Indonesia",27,"Sulawesi Selatan",347,"Sinjai","ID.SE.SI",NA,"","Kabupaten","Regency","",""
348,106,"IDN","Indonesia",27,"Sulawesi Selatan",348,"Soppeng","ID.SE.SO",NA,"","Kabupaten","Regency","",""
349,106,"IDN","Indonesia",27,"Sulawesi Selatan",349,"Takalar","ID.SE.TA",NA,"","Kabupaten","Regency","",""
350,106,"IDN","Indonesia",27,"Sulawesi Selatan",350,"Tana Toraja","ID.SE.TT",NA,"","Kabupaten","Regency","",""
351,106,"IDN","Indonesia",27,"Sulawesi Selatan",351,"Wajo","ID.SE.WA",NA,"","Kabupaten","Regency","",""
352,106,"IDN","Indonesia",28,"Sulawesi Tengah",352,"Banggai Kepulauan","ID.ST.BK",NA,"","Kabupaten","Regency","",""
353,106,"IDN","Indonesia",28,"Sulawesi Tengah",353,"Banggai","ID.ST.BA",NA,"","Kabupaten","Regency","",""
354,106,"IDN","Indonesia",28,"Sulawesi Tengah",354,"Buol","ID.ST.BT",NA,"","Kabupaten","Regency","","Buol Toli-Toli"
355,106,"IDN","Indonesia",28,"Sulawesi Tengah",355,"Donggala","ID.ST.DO",NA,"","Kabupaten","Regency","",""
356,106,"IDN","Indonesia",28,"Sulawesi Tengah",356,"Morowali","ID.ST.MO",NA,"","Kabupaten","Regency","",""
357,106,"IDN","Indonesia",28,"Sulawesi Tengah",357,"Palu","ID.ST.PA",NA,"","Kotamadya","Municipality","","Kota Palu"
358,106,"IDN","Indonesia",28,"Sulawesi Tengah",358,"Parigi Moutong","ID.ST.PM",NA,"","Kabupaten","Regency","",""
359,106,"IDN","Indonesia",28,"Sulawesi Tengah",359,"Poso","ID.ST.PO",NA,"","Kabupaten","Regency","",""
360,106,"IDN","Indonesia",28,"Sulawesi Tengah",360,"Tojo Una-Una","ID.ST.TU",NA,"","Kabupaten","Regency","",""
361,106,"IDN","Indonesia",28,"Sulawesi Tengah",361,"Toli-Toli","ID.ST.TT",NA,"","Kabupaten","Regency","",""
362,106,"IDN","Indonesia",29,"Sulawesi Tenggara",362,"Baubau","ID.SG.BA",NA,"","Kotamadya","Municipality","","Kota Bau-Bau"
363,106,"IDN","Indonesia",29,"Sulawesi Tenggara",363,"Bombana","ID.SG.BO",NA,"","Kabupaten","Regency","",""
364,106,"IDN","Indonesia",29,"Sulawesi Tenggara",364,"Buton","ID.SG.BU",NA,"","Kabupaten","Regency","",""
365,106,"IDN","Indonesia",29,"Sulawesi Tenggara",365,"Kendari","ID.SG.KR",NA,"","Kotamadya","Municipality","",""
366,106,"IDN","Indonesia",29,"Sulawesi Tenggara",366,"Kolaka Utara","ID.SG.KU",NA,"","Kabupaten","Regency","",""
367,106,"IDN","Indonesia",29,"Sulawesi Tenggara",367,"Kolaka","ID.SG.KO",NA,"","Kabupaten","Regency","",""
368,106,"IDN","Indonesia",29,"Sulawesi Tenggara",368,"Konawe Selatan","ID.SG.KS",NA,"","Kotamadya","Municipality","",""
369,106,"IDN","Indonesia",29,"Sulawesi Tenggara",369,"Kota Kendari","ID.SG.KM",NA,"","Kotamadya","Municipality","","Kendari"
370,106,"IDN","Indonesia",29,"Sulawesi Tenggara",370,"Muna","ID.SG.MU",NA,"","Kabupaten","Regency","",""
371,106,"IDN","Indonesia",29,"Sulawesi Tenggara",371,"Wakatobi","ID.SG.WA",NA,"","Kabupaten","Regency","",""
372,106,"IDN","Indonesia",30,"Sulawesi Utara",372,"Bitung","ID.SW.BI",NA,"","Kotamadya","Municipality","","Kota Bitung"
373,106,"IDN","Indonesia",30,"Sulawesi Utara",373,"Bolaang Mongondow","ID.SW.BM",NA,"","Kabupaten","Regency","","Bolaang Mangondow|Bolaang Mengondow|"
374,106,"IDN","Indonesia",30,"Sulawesi Utara",374,"Kepulauan Sangihe Talaud","ID.SW.KS",NA,"","Kabupaten","Regency","","Kepulauan Talaud"
375,106,"IDN","Indonesia",30,"Sulawesi Utara",375,"Manado","ID.SW.MA",NA,"","Kotamadya","Municipality","","Kota Manado"
376,106,"IDN","Indonesia",30,"Sulawesi Utara",376,"Minahasa Selatan","ID.SW.MS",NA,"","Kabupaten","Regency","",""
377,106,"IDN","Indonesia",30,"Sulawesi Utara",377,"Minahasa Utara","ID.SW.MU",NA,"","Kabupaten","Regency","","North Minahasa"
378,106,"IDN","Indonesia",30,"Sulawesi Utara",378,"Minahasa","ID.SW.MI",NA,"","Kabupaten","Regency","",""
379,106,"IDN","Indonesia",30,"Sulawesi Utara",379,"Sangihe Talaud","ID.SW.ST",NA,"","Kabupaten","Regency","","Kepulauan Talaud"
380,106,"IDN","Indonesia",30,"Sulawesi Utara",380,"Tomohon","ID.SW.TO",NA,"","Kabupaten","Regency","",""
381,106,"IDN","Indonesia",31,"Sumatera Barat",381,"Agam","ID.SB.AG",NA,"","Kabupaten","Regency","",""
382,106,"IDN","Indonesia",31,"Sumatera Barat",382,"Bukittinggi","ID.SB.BU",NA,"","Kotamadya","Municipality","","Kota Bukittinggi"
383,106,"IDN","Indonesia",31,"Sumatera Barat",383,"Dharmasraya","ID.SB.DH",NA,"","Kabupaten","Regency","",""
384,106,"IDN","Indonesia",31,"Sumatera Barat",384,"Kepulauan Mentawai","ID.SB.KM",NA,"","Kabupaten","Regency","",""
385,106,"IDN","Indonesia",31,"Sumatera Barat",385,"Kota Solok","ID.SB.SM",NA,"","Kotamadya","Municipality","","Solok"
386,106,"IDN","Indonesia",31,"Sumatera Barat",386,"Lima Puluh Koto","ID.SB.LP",NA,"","Kabupaten","Regency","",""
387,106,"IDN","Indonesia",31,"Sumatera Barat",387,"Padang Panjang","ID.SB.PJ",NA,"","Kotamadya","Municipality","","Kota Padang Panjang"
388,106,"IDN","Indonesia",31,"Sumatera Barat",388,"Padang Pariaman","ID.SB.PP",NA,"","Kabupaten","Regency","",""
389,106,"IDN","Indonesia",31,"Sumatera Barat",389,"Padang","ID.SB.PD",NA,"","Kotamadya","Municipality","","Kota Padang"
390,106,"IDN","Indonesia",31,"Sumatera Barat",390,"Pariaman","ID.SB.PA",NA,"","Kotamadya","Municipality","","Kota Pariaman"
391,106,"IDN","Indonesia",31,"Sumatera Barat",391,"Pasaman Barat","ID.SB.PB",NA,"","Kabupaten","Regency","",""
392,106,"IDN","Indonesia",31,"Sumatera Barat",392,"Pasaman","ID.SB.PM",NA,"","Kabupaten","Regency","",""
393,106,"IDN","Indonesia",31,"Sumatera Barat",393,"Payakumbuh","ID.SB.PY",NA,"","Kotamadya","Municipality","","Kota Payakumbuh|Payahkumbuh"
394,106,"IDN","Indonesia",31,"Sumatera Barat",394,"Pesisir Selatan","ID.SB.PS",NA,"","Kabupaten","Regency","",""
395,106,"IDN","Indonesia",31,"Sumatera Barat",395,"Sawah Lunto","ID.SB.SL",NA,"","Kotamadya","Municipality","","Kota Sawah Lunto"
396,106,"IDN","Indonesia",31,"Sumatera Barat",396,"Sawahlunto","ID.SB.SS",NA,"","Kabupaten","Regency","","Sijunjung"
397,106,"IDN","Indonesia",31,"Sumatera Barat",397,"Solok Selatan","ID.SB.SK",NA,"","Kabupaten","Regency","",""
398,106,"IDN","Indonesia",31,"Sumatera Barat",398,"Solok","ID.SB.SR",NA,"","Kabupaten","Regency","",""
399,106,"IDN","Indonesia",31,"Sumatera Barat",399,"Tanah Datar","ID.SB.TD",NA,"","Kabupaten","Regency","",""
400,106,"IDN","Indonesia",32,"Sumatera Selatan",400,"Banyuasin","ID.SL.BA",NA,"","Kabupaten","Regency","","Banyu Asin"
401,106,"IDN","Indonesia",32,"Sumatera Selatan",401,"Lahat","ID.SL.LA",NA,"","Kabupaten","Regency","",""
402,106,"IDN","Indonesia",32,"Sumatera Selatan",402,"Lubuk Linggau","ID.SL.LL",NA,"","Kotamadya","Municipality","","Kota Lubuk Linggau"
403,106,"IDN","Indonesia",32,"Sumatera Selatan",403,"Muara Enim","ID.SL.ME",NA,"","Kabupaten","Regency","",""
404,106,"IDN","Indonesia",32,"Sumatera Selatan",404,"Musi Banyu Asin","ID.SL.MB",NA,"","Kabupaten","Regency","",""
405,106,"IDN","Indonesia",32,"Sumatera Selatan",405,"Musi Rawas","ID.SL.MR",NA,"","Kabupaten","Regency","",""
406,106,"IDN","Indonesia",32,"Sumatera Selatan",406,"Ogan Ilir","ID.SL.OI",NA,"","Kabupaten","Regency","","Ogan Kemering Ilir|Ogan Komering Hilir"
407,106,"IDN","Indonesia",32,"Sumatera Selatan",407,"Ogan Komering Ilir","ID.SL.OH",NA,"","Kabupaten","Regency","","Ogan Kemering Ilir|Ogan Komering Hilir"
408,106,"IDN","Indonesia",32,"Sumatera Selatan",408,"Ogan Komering Ulu Selatan","ID.SL.OS",NA,"","Kabupaten","Regency","",""
409,106,"IDN","Indonesia",32,"Sumatera Selatan",409,"Ogan Komering Ulu Timur","ID.SL.OT",NA,"","Kabupaten","Regency","",""
410,106,"IDN","Indonesia",32,"Sumatera Selatan",410,"Ogan Komering Ulu","ID.SL.OU",NA,"","Kabupaten","Regency","",""
411,106,"IDN","Indonesia",32,"Sumatera Selatan",411,"Pagar Alam","ID.SL.PG",NA,"","Kabupaten","Regency","",""
412,106,"IDN","Indonesia",32,"Sumatera Selatan",412,"Palembang","ID.SL.PA",NA,"","Kotamadya","Municipality","","Kota Palembang"
413,106,"IDN","Indonesia",32,"Sumatera Selatan",413,"Prabumulih","ID.SL.PR",NA,"","Kotamadya","Municipality","","Kota Prabumulih"
414,106,"IDN","Indonesia",33,"Sumatera Utara",414,"Asahan","ID.SU.AS",NA,"","Kabupaten","Regency","",""
415,106,"IDN","Indonesia",33,"Sumatera Utara",415,"Binjai","ID.SU.BI",NA,"","Kotamadya","Municipality","","Kota Binjai"
416,106,"IDN","Indonesia",33,"Sumatera Utara",416,"Dairi","ID.SU.DA",NA,"","Kabupaten","Regency","",""
417,106,"IDN","Indonesia",33,"Sumatera Utara",417,"Deli Serdang","ID.SU.DS",NA,"","Kabupaten","Regency","",""
418,106,"IDN","Indonesia",33,"Sumatera Utara",418,"Humbang Hasundutan","ID.SU.HH",NA,"","Kabupaten","Regency","",""
419,106,"IDN","Indonesia",33,"Sumatera Utara",419,"Karo","ID.SU.KA",NA,"","Kabupaten","Regency","",""
420,106,"IDN","Indonesia",33,"Sumatera Utara",420,"Labuhan Batu","ID.SU.LB",NA,"","Kabupaten","Regency","",""
421,106,"IDN","Indonesia",33,"Sumatera Utara",421,"Lake Toba","",NA,"","Water body","Water body","",""
422,106,"IDN","Indonesia",33,"Sumatera Utara",422,"Langkat","ID.SU.LA",NA,"","Kabupaten","Regency","",""
423,106,"IDN","Indonesia",33,"Sumatera Utara",423,"Mandailing Natal","ID.SU.MN",NA,"","Kabupaten","Regency","",""
424,106,"IDN","Indonesia",33,"Sumatera Utara",424,"Medan","ID.SU.ME",NA,"","Kotamadya","Municipality","","Kota Medan"
425,106,"IDN","Indonesia",33,"Sumatera Utara",425,"Nias Selatan","ID.SU.NS",NA,"","Kabupaten","Regency","",""
426,106,"IDN","Indonesia",33,"Sumatera Utara",426,"Nias","ID.SU.NI",NA,"","Kabupaten","Regency","",""
427,106,"IDN","Indonesia",33,"Sumatera Utara",427,"Padang Sidempuan","ID.SU.PD",NA,"","Kotamadya","Municipality","","Kota Padang Sidempuan"
428,106,"IDN","Indonesia",33,"Sumatera Utara",428,"Pakpak Bharat","ID.SU.PB",NA,"","Kabupaten","Regency","",""
429,106,"IDN","Indonesia",33,"Sumatera Utara",429,"Pematang Siantar","ID.SU.PS",NA,"","Kotamadya","Municipality","","Kota Pematang Siantar"
430,106,"IDN","Indonesia",33,"Sumatera Utara",430,"Samosir","ID.SU.SA",NA,"","Kabupaten","Regency","",""
431,106,"IDN","Indonesia",33,"Sumatera Utara",431,"Serdang Bedagai","ID.SU.SD",NA,"","Kabupaten","Regency","",""
432,106,"IDN","Indonesia",33,"Sumatera Utara",432,"Sibolga","ID.SU.SB",NA,"","Kotamadya","Municipality","","Kota Sibolga"
433,106,"IDN","Indonesia",33,"Sumatera Utara",433,"Simalungun","ID.SU.SM",NA,"","Kabupaten","Regency","",""
434,106,"IDN","Indonesia",33,"Sumatera Utara",434,"Tanjung Balai","ID.SU.TB",NA,"","Kotamadya","Municipality","","Kota Tanjung Balai"
435,106,"IDN","Indonesia",33,"Sumatera Utara",435,"Tapanuli Selatan","ID.SU.TS",NA,"","Kabupaten","Regency","","South Tapanuli"
436,106,"IDN","Indonesia",33,"Sumatera Utara",436,"Tapanuli Tengah","ID.SU.TT",NA,"","Kabupaten","Regency","","Central Tapanuli"
437,106,"IDN","Indonesia",33,"Sumatera Utara",437,"Tapanuli Utara","ID.SU.TU",NA,"","Kabupaten","Regency","",""
438,106,"IDN","Indonesia",33,"Sumatera Utara",438,"Tebing Tinggi","ID.SU.TG",NA,"","Kotamadya","Municipality","","Kota Tebing Tinggi"
439,106,"IDN","Indonesia",33,"Sumatera Utara",439,"Toba Samosir","ID.SU.TR",NA,"","Kabupaten","Regency","",""
440,106,"IDN","Indonesia",34,"Yogyakarta",440,"Bantul","ID.YO.BA",NA,"","Kabupaten","Regency","",""
441,106,"IDN","Indonesia",34,"Yogyakarta",441,"Gunung Kidul","ID.YO.GK",NA,"","Kabupaten","Regency","",""
442,106,"IDN","Indonesia",34,"Yogyakarta",442,"Kulon Progo","ID.YO.KP",NA,"","Kabupaten","Regency","",""
443,106,"IDN","Indonesia",34,"Yogyakarta",443,"Sleman","ID.YO.SL",NA,"","Kabupaten","Regency","",""
444,106,"IDN","Indonesia",34,"Yogyakarta",444,"Yogyakarta","ID.YO.YO",NA,"","Kotamadya","Municipality","","Kota Yogyakarta"
